{
    "RouteCompletionTest": {
        "children": [],
        "feedback_message": "",
        "blackbox_level": 4,
        "_terminate_on_failure": false,
        "test_status": "FAILURE",
        "expected_value_success": 100,
        "expected_value_acceptable": null,
        "actual_value": 75.54,
        "optional": false,
        "_wsize": 2,
        "_current_index": 162,
        "_route_length": 216,
        "_accum_meters": [
            0.0,
            1.1180340051651,
            2.2471539974212646,
            2.2471539974212646,
            3.2471539974212646,
            4.247153997421265,
            5.247153997421265,
            6.247153997421265,
            7.247153997421265,
            8.247153997421265,
            9.247153997421265,
            10.247153997421265,
            11.247153997421265,
            12.247153997421265,
            13.247153997421265,
            14.247153997421265,
            15.247153997421265,
            16.247153997421265,
            17.247153997421265,
            18.247153997421265,
            19.247153997421265,
            20.247153997421265,
            21.247153997421265,
            22.247153997421265,
            23.917152285575867,
            23.917152285575867,
            24.917152285575867,
            25.917152285575867,
            26.917152285575867,
            27.917152285575867,
            28.917152285575867,
            29.917152285575867,
            30.917152285575867,
            31.917152285575867,
            32.91715228557587,
            33.91715228557587,
            34.91715228557587,
            35.91715228557587,
            36.91715228557587,
            37.91715228557587,
            38.91715228557587,
            39.91715228557587,
            40.91715228557587,
            41.91715228557587,
            42.91715228557587,
            43.91715228557587,
            44.91715228557587,
            45.91715228557587,
            46.91715228557587,
            47.91715228557587,
            48.937156677246094,
            48.937156677246094,
            49.937156677246094,
            50.937156677246094,
            51.937156677246094,
            52.937156677246094,
            53.937156677246094,
            54.937156677246094,
            55.937156677246094,
            56.937156677246094,
            57.937156677246094,
            58.937156677246094,
            59.937156677246094,
            60.937156677246094,
            61.937156677246094,
            62.937156677246094,
            63.937156677246094,
            64.9371566772461,
            65.9371566772461,
            66.9371566772461,
            67.9371566772461,
            68.9371566772461,
            69.9371566772461,
            70.9371566772461,
            71.9371566772461,
            72.9371566772461,
            73.9371566772461,
            74.9371566772461,
            76.85714733600616,
            76.85714733600616,
            77.85714733600616,
            78.85714733600616,
            79.85714733600616,
            80.85714733600616,
            81.85714733600616,
            82.85714733600616,
            83.85714733600616,
            84.85714733600616,
            85.85714733600616,
            86.85714733600616,
            87.85714733600616,
            88.85714733600616,
            89.8571549654007,
            90.8571549654007,
            91.8571549654007,
            92.8571549654007,
            93.8571549654007,
            94.8571549654007,
            95.8571549654007,
            96.8571549654007,
            97.8571549654007,
            98.8571549654007,
            99.8571549654007,
            100.8571549654007,
            101.8571549654007,
            102.85714739561081,
            104.43714934587479,
            104.43714934587479,
            105.43714934587479,
            106.43714934587479,
            107.43714934587479,
            108.43714934587479,
            109.43714934587479,
            110.43714934587479,
            111.43714934587479,
            112.43714934587479,
            113.43714934587479,
            114.43714934587479,
            115.43714934587479,
            116.43715316057205,
            117.43715316057205,
            118.43715316057205,
            119.43715316057205,
            120.43715316057205,
            121.43715316057205,
            122.43715316057205,
            123.43715316057205,
            124.43715316057205,
            125.43715316057205,
            126.43715316057205,
            127.43715316057205,
            128.43715316057205,
            129.43715316057205,
            130.43715316057205,
            131.43715316057205,
            132.43715316057205,
            133.43715316057205,
            134.43715316057205,
            135.43715316057205,
            136.43715316057205,
            137.43714940547943,
            138.43714940547943,
            139.43714940547943,
            140.43714940547943,
            141.43714940547943,
            142.43714940547943,
            143.43714940547943,
            144.43714940547943,
            145.43714940547943,
            146.43714940547943,
            147.43714940547943,
            148.43714755773544,
            149.45417648553848,
            149.45417648553848,
            150.45417648553848,
            151.45417648553848,
            152.45417648553848,
            153.45417648553848,
            154.4541746377945,
            155.4541746377945,
            156.4541746377945,
            157.4541746377945,
            158.4541746377945,
            159.4541746377945,
            160.4541746377945,
            161.4541746377945,
            162.45497953891754,
            163.45847821235657,
            164.4619791507721,
            165.46547865867615,
            166.50376510620117,
            166.50376510620117,
            167.50516843795776,
            168.50516825914383,
            169.5051680803299,
            170.50516879558563,
            171.5051686167717,
            172.50516843795776,
            173.5051691532135,
            174.50516897439957,
            175.50516879558563,
            176.5051686167717,
            177.50516843795776,
            178.50516879558563,
            179.5051686167717,
            180.50516885519028,
            181.50516867637634,
            182.5051686167717,
            183.50516843795776,
            184.50516843795776,
            185.50516825914383,
            186.50274592638016,
            187.49924689531326,
            188.49574673175812,
            189.49224615097046,
            190.48874634504318,
            192.21269017457962,
            192.21269017457962,
            193.20918983221054,
            194.20568990707397,
            195.2021894454956,
            196.1986894607544,
            197.19518893957138,
            198.19168883562088,
            199.18818825483322,
            200.18468737602234,
            201.181187748909,
            202.1776881814003,
            203.1741881966591,
            204.17274099588394,
            205.17273992300034,
            206.17274075746536,
            207.1727396249771,
            208.17274045944214,
            209.75274443626404,
            209.75274443626404
        ],
        "_percentage_route_completed": 75.54331413572648,
        "terminate_on_failure": false
    },
    "CollisionTest": {
        "children": [],
        "feedback_message": "",
        "blackbox_level": 4,
        "_terminate_on_failure": false,
        "test_status": "SUCCESS",
        "expected_value_success": 0,
        "expected_value_acceptable": null,
        "actual_value": 0,
        "optional": false,
        "list_traffic_events": [],
        "_collision_sensor": null,