{
    "RouteCompletionTest": {
        "children": [],
        "feedback_message": "",
        "blackbox_level": 4,
        "_terminate_on_failure": false,
        "test_status": "FAILURE",
        "expected_value_success": 100,
        "expected_value_acceptable": null,
        "actual_value": 12.63,
        "optional": false,
        "_wsize": 2,
        "_current_index": 10,
        "_route_length": 81,
        "_accum_meters": [
            0.0,
            1.1180341243743896,
            2.118034243583679,
            3.1180343627929688,
            4.118034482002258,
            5.118034601211548,
            6.118034720420837,
            7.118034839630127,
            8.118034958839417,
            9.118035078048706,
            10.118035197257996,
            11.118035316467285,
            12.118035435676575,
            13.118035554885864,
            14.118035674095154,
            15.118035793304443,
            16.118035912513733,
            17.118036031723022,
            18.118036150932312,
            19.1180362701416,
            20.11803638935089,
            21.11803650856018,
            22.11803662776947,
            23.11803674697876,
            24.11803686618805,
            25.11803698539734,
            26.11803710460663,
            27.118037223815918,
            28.118037343025208,
            29.118037462234497,
            30.118037581443787,
            31.118037700653076,
            32.118037819862366,
            33.118037939071655,
            34.118038058280945,
            35.118038177490234,
            36.118038296699524,
            37.11803841590881,
            38.1180385351181,
            39.11803865432739,
            40.11803877353668,
            41.11803889274597,
            42.11803901195526,
            43.11803913116455,
            44.11803925037384,
            45.11803936958313,
            46.11803948879242,
            47.11803960800171,
            48.118039727211,
            49.11803984642029,
            50.11803996562958,
            51.11804008483887,
            52.11804020404816,
            53.118040323257446,
            54.118040442466736,
            55.118040561676025,
            56.11802536249161,
            57.1180254817009,
            58.11802560091019,
            59.118025720119476,
            60.118025839328766,
            61.118025958538055,
            62.118026077747345,
            63.118026196956635,
            64.11802631616592,
            65.11802643537521,
            66.1180265545845,
            67.11802667379379,
            68.11802679300308,
            69.11802691221237,
            70.11802703142166,
            71.11802715063095,
            72.11802726984024,
            73.11802738904953,
            74.11802750825882,
            75.11802762746811,
            76.1180277466774,
            77.11802786588669,
            78.11802798509598,
            79.11802810430527,
            80.11802822351456
        ],
        "_percentage_route_completed": 12.62891189612223,
        "terminate_on_failure": false
    },
    "CollisionTest": {
        "children": [],
        "feedback_message": "",
        "blackbox_level": 4,
        "_terminate_on_failure": false,
        "test_status": "SUCCESS",
        "expected_value_success": 0,
        "expected_value_acceptable": null,
        "actual_value": 0,
        "optional": false,
        "list_traffic_events": [],
        "_collision_sensor": null,
        "other_actor": null,
        "other_actor_type": null,
        "registered_collisions": [],
        "last_id": null,
        "collision_time": null,
        "terminate_on_failure": false
    },
    "InRouteTest": {
        "children": [],
        "feedback_message": "",
        "blackbox_level": 4,
        "_terminate_on_failure": true,
        "test_status": "SUCCESS",
        "expected_value_success": 0,
        "expected_value_acceptable": null,
        "actual_value": 0,
        "optional": false,
        "list_traffic_events": [],
        "_offroad_max": 30,
        "_offroad_min": 15.0,
        "_route_length": 81,
        "_current_index": 10,
        "_out_route_distance": 0,
        "_in_safe_route": true,
        "_accum_meters": [
            0.0,
            1.1180341243743896,
            2.118034243583679,
            3.1180343627929688,
            4.118034482002258,
            5.118034601211548,
            6.118034720420837,
            7.118034839630127,
            8.118034958839417,
            9.118035078048706,
            10.118035197257996,
            11.118035316467285,
            12.118035435676575,
            13.118035554885864,
            14.118035674095154,
            15.118035793304443,
            16.118035912513733,
            17.118036031723022,
            18.118036150932312,
            19.1180362701416,
            20.11803638935089,
            21.11803650856018,
            22.11803662776947,
            23.11803674697876,
            24.11803686618805,
            25.11803698539734,
            26.11803710460663,
            27.118037223815918,
            28.118037343025208,
            29.118037462234497,
            30.118037581443787,
            31.118037700653076,
            32.118037819862366,
            33.118037939071655,
            34.118038058280945,
            35.118038177490234,
            36.118038296699524,
            37.11803841590881,
            38.1180385351181,
            39.11803865432739,
            40.11803877353668,
            41.11803889274597,
            42.11803901195526,
            43.11803913116455,
            44.11803925037384,
            45.11803936958313,
            46.11803948879242,
            47.11803960800171,
            48.118039727211,
            49.11803984642029,
            50.11803996562958,
            51.11804008483887,
            52.11804020404816,
            53.118040323257446,
            54.118040442466736,
            55.118040561676025,
            56.11802536249161,
            57.1180254817009,
            58.11802560091019,
            59.118025720119476,
            60.118025839328766,
            61.118025958538055,
            62.118026077747345,
            63.118026196956635,
            64.11802631616592,
            65.11802643537521,
            66.1180265545845,
            67.11802667379379,
            68.11802679300308,
            69.11802691221237,
            70.11802703142166,
            71.11802715063095,
            72.11802726984024,
            73.11802738904953,
            74.11802750825882,
            75.11802762746811,
            76.1180277466774,
            77.11802786588669,
            78.11802798509598,
            79.11802810430527,
            80.11802822351456
        ],
        "terminate_on_failure": false
    },
    "OutsideRouteLanesTest": {
        "children": [],
        "feedback_message": "",
        "blackbox_level": 4,
        "_terminate_on_failure": false,
        "test_status": "SUCCESS",
        "expected_value_success": 0,
        "expected_value_acceptable": null,
        "actual_value": 0,
        "optional": false,
        "list_traffic_events": [],
        "_current_index": 10,
        "_route_length": 81,
        "_outside_lane_active": false,
        "_wrong_lane_active": false,
        "_last_road_id": 4,
        "_last_lane_id": 1,
        "_total_distance": 10.118035197257996,
        "_wrong_distance": 0,
        "terminate_on_failure": false
    },
    "RunningRedLightTest": {
        "children": [],
        "feedback_message": "",
        "blackbox_level": 4,
        "_terminate_on_failure": false,
        "test_status": "SUCCESS",
        "expected_value_success": 0,
        "expected_value_acceptable": null,