{
    "RouteCompletionTest": {
        "children": [],
        "feedback_message": "",
        "blackbox_level": 4,
        "_terminate_on_failure": false,
        "test_status": "FAILURE",
        "expected_value_success": 100,
        "expected_value_acceptable": null,
        "actual_value": 87.78,
        "optional": false,
        "_wsize": 2,
        "_current_index": 43,
        "_route_length": 50,
        "_accum_meters": [
            0.0,
            1.118038296699524,
            2.118043065071106,
            3.118047833442688,
            4.118037283420563,
            5.118042051792145,
            6.1180315017700195,
            7.118036270141602,
            8.118041038513184,
            9.118045806884766,
            10.11803537607193,
            11.118040144443512,
            12.118044912815094,
            13.118034362792969,
            14.11803913116455,
            15.118043899536133,
            16.118048667907715,
            17.11803811788559,
            18.11804288625717,
            19.118032336235046,
            20.11803710460663,
            21.11804187297821,
            22.118046641349792,
            23.118036210536957,
            24.11804097890854,
            25.11804574728012,
            26.118035197257996,
            27.118039965629578,
            28.11804473400116,
            29.118034183979034,
            30.118038952350616,
            31.1180437207222,
            32.11803317070007,
            33.118037939071655,
            34.11804270744324,
            35.11804747581482,
            36.118036925792694,
            37.118041694164276,
            38.11804646253586,
            39.11803591251373,
            40.118040680885315,
            41.1180454492569,
            42.11803489923477,
            43.118039667606354,
            44.118044435977936,
            45.11803388595581,
            46.11803865432739,
            47.118043422698975,
            48.11803287267685,
            49.11803764104843
        ],
        "_percentage_route_completed": 87.78453240072479,
        "terminate_on_failure": false
    },
    "CollisionTest": {
        "children": [],
        "feedback_message": "",
        "blackbox_level": 4,
        "_terminate_on_failure": false,
        "test_status": "FAILURE",
        "expected_value_success": 0,
        "expected_value_acceptable": null,
        "actual_value": 1,
        "optional": false,
        "_collision_sensor": null,
        "other_actor": null,
        "other_actor_type": null,
        "registered_collisions": [],
        "last_id": null,
        "collision_time": 5.650000084191561,
        "terminate_on_failure": false
    },
    "InRouteTest": {
        "children": [],
        "feedback_message": "",
        "blackbox_level": 4,
        "_terminate_on_failure": true,
        "test_status": "SUCCESS",
        "expected_value_success": 0,
        "expected_value_acceptable": null,
        "actual_value": 0,
        "optional": false,
        "list_traffic_events": [],
        "_offroad_max": 30,
        "_offroad_min": 15.0,
        "_route_length": 50,
        "_current_index": 43,
        "_out_route_distance": 0,
        "_in_safe_route": true,
        "_accum_meters": [
            0.0,
            1.118038296699524,
            2.118043065071106,
            3.118047833442688,
            4.118037283420563,
            5.118042051792145,
            6.1180315017700195,
            7.118036270141602,
            8.118041038513184,
            9.118045806884766,
            10.11803537607193,
            11.118040144443512,
            12.118044912815094,
            13.118034362792969,
            14.11803913116455,
            15.118043899536133,
            16.118048667907715,
            17.11803811788559,
            18.11804288625717,
            19.118032336235046,
            20.11803710460663,
            21.11804187297821,
            22.118046641349792,
            23.118036210536957,
            24.11804097890854,
            25.11804574728012,
            26.118035197257996,
            27.118039965629578,
            28.11804473400116,
            29.118034183979034,
            30.118038952350616,
            31.1180437207222,
            32.11803317070007,
            33.118037939071655,
            34.11804270744324,
            35.11804747581482,
            36.118036925792694,
            37.118041694164276,
            38.11804646253586,
            39.11803591251373,
            40.118040680885315,
            41.1180454492569,
            42.11803489923477,
            43.118039667606354,
            44.118044435977936,
            45.11803388595581,
            46.11803865432739,
            47.118043422698975,
            48.11803287267685,
            49.11803764104843
        ],
        "terminate_on_failure": false
    },
    "OutsideRouteLanesTest": {
        "children": [],
        "feedback_message": "",
        "blackbox_level": 4,
        "_terminate_on_failure": false,
        "test_status": "SUCCESS",
        "expected_value_success": 0,
        "expected_value_acceptable": null,
        "actual_value": 0,
        "optional": false,
        "list_traffic_events": [],
        "_current_index": 43,
        "_route_length": 50,
        "_outside_lane_active": false,
        "_wrong_lane_active": false,
        "_last_road_id": 29,
        "_last_lane_id": 1,
        "_total_distance": 43.118039667606354,
        "_wrong_distance": 0,
        "terminate_on_failure": false
    },
    "RunningRedLightTest": {
        "children": [],
        "feedback_message": "",
        "blackbox_level": 4,
        "_terminate_on_failure": false,
        "test_status": "SUCCESS",
        "expected_value_success": 0,
        "expected_value_acceptable": null,
        "actual_value": 0,
        "optional": false,
        "list_traffic_events": [],
        "_last_red_light_id": null,
        "debug": false,
        "terminate_on_failure": false
    },
    "RunningStopTest": {
        "children": [],
        "feedback_message": "",
        "blackbox_level": 4,
        "_terminate_on_failure": false,
        "test_status": "SUCCESS",
        "expected_value_success": 0,
        "expected_value_acceptable": null,
        "actual_value": 0,
        "optional": false,
        "list_traffic_events": [],
        "_target_stop_sign": null,
        "_stop_completed": false,
        "_affected_by_stop": false,
        "terminate_on_failure": false
    },
    "ActorSpeedAboveThresholdTest": {
        "children": [],
        "feedback_message": "",
        "blackbox_level": 4,
        "_terminate_on_failure": true,
        "test_status": "SUCCESS",
        "expected_value_success": 0,
        "expected_value_acceptable": null,
        "actual_value": 0,
        "optional": false,
        "list_traffic_events": [],
        "_speed_threshold": 0.1,
        "_below_threshold_max_time": 90.0,
        "_time_last_valid_state": 10.900000162422657,
        "terminate_on_failure": false
    }
}