{
    "RouteCompletionTest": {
        "children": [],
        "feedback_message": "",
        "blackbox_level": 4,
        "_terminate_on_failure": false,
        "test_status": "FAILURE",
        "expected_value_success": 100,
        "expected_value_acceptable": null,
        "actual_value": 95.91,
        "optional": false,
        "_wsize": 2,
        "_current_index": 95,
        "_route_length": 100,
        "_accum_meters": [
            0.0,
            1.1180340051651,
            2.1180340051651,
            3.1180340051651,
            4.1180340051651,
            5.1180340051651,
            6.118037819862366,
            7.118037819862366,
            8.118037819862366,
            9.118037819862366,
            10.118037819862366,
            11.118037819862366,
            12.118037819862366,
            13.118037819862366,
            14.118037819862366,
            15.118037819862366,
            16.118037819862366,
            17.118037819862366,
            18.118037819862366,
            19.118037819862366,
            20.118037819862366,
            21.118037819862366,
            22.118037819862366,
            23.118037819862366,
            24.118037819862366,
            25.118037819862366,
            26.118037819862366,
            27.118034064769745,
            28.118034064769745,
            29.118034064769745,
            30.118034064769745,
            31.118034064769745,
            32.118034064769745,
            33.118034064769745,
            34.118034064769745,
            35.118034064769745,
            36.118034064769745,
            37.118034064769745,
            38.11803221702576,
            39.135061144828796,
            39.135061144828796,
            40.135061144828796,
            41.135061144828796,
            42.135061144828796,
            44.13505935668945,
            45.13505935668945,
            46.13505935668945,
            47.13505935668945,
            48.13505935668945,
            49.13505935668945,
            50.13505935668945,
            51.13505935668945,
            52.1358642578125,
            53.139362931251526,
            54.14286386966705,
            55.146363377571106,
            56.18464982509613,
            56.18464982509613,
            57.18605315685272,
            58.18605297803879,
            59.18605279922485,
            60.18605351448059,
            61.18605333566666,
            62.18605315685272,
            63.18605387210846,
            64.18605369329453,
            65.18605351448059,
            66.18605333566666,
            67.18605315685272,
            68.18605351448059,
            69.18605333566666,
            70.18605357408524,
            71.1860533952713,
            72.18605333566666,
            73.18605315685272,
            74.18605315685272,
            75.18605297803879,
            76.18363064527512,
            77.18013161420822,
            78.17663145065308,
            79.17313086986542,
            80.16963106393814,
            81.89357489347458,
            81.89357489347458,
            82.8900745511055,
            83.88657462596893,
            84.88307416439056,
            85.87957417964935,
            86.87607365846634,
            87.87257355451584,
            88.86907297372818,
            89.8655720949173,
            90.86207246780396,
            91.85857290029526,
            92.85507291555405,
            93.8536257147789,
            94.8536246418953,
            95.85362547636032,
            96.85362434387207,
            97.8536251783371
        ],
        "_percentage_route_completed": 95.91226236507002,
        "terminate_on_failure": false
    },
    "CollisionTest": {
        "children": [],
        "feedback_message": "",
        "blackbox_level": 4,
        "_terminate_on_failure": false,
        "test_status": "SUCCESS",
        "expected_value_success": 0,
        "expected_value_acceptable": null,
        "actual_value": 0,
        "optional": false,
        "list_traffic_events": [],
        "_collision_sensor": null,
        "other_actor": null,
        "other_actor_type": null,
        "registered_collisions": [],
        "last_id": null,
        "collision_time": null,
        "terminate_on_failure": false
    },
    "InRouteTest": {
        "children": [],
        "feedback_message": "",
        "blackbox_level": 4,
        "_terminate_on_failure": true,
        "test_status": "SUCCESS",
        "expected_value_success": 0,
        "expected_value_acceptable": null,
        "actual_value": 0,
        "optional": false,
        "list_traffic_events": [],
        "_offroad_max": 30,
        "_offroad_min": 15.0,
        "_route_length": 100,
        "_current_index": 96,
        "_out_route_distance": 0,
        "_in_safe_route": true,