{
    "RouteCompletionTest": {
        "children": [],
        "feedback_message": "",
        "blackbox_level": 4,
        "_terminate_on_failure": false,
        "test_status": "FAILURE",
        "expected_value_success": 100,
        "expected_value_acceptable": null,
        "actual_value": 93.58,
        "optional": false,
        "_wsize": 2,
        "_current_index": 201,
        "_route_length": 216,
        "_accum_meters": [
            0.0,
            1.0807207822799683,
            2.7914295196533203,
            2.7914295196533203,
            3.7914295196533203,
            4.79142951965332,
            5.79142951965332,
            6.79142951965332,
            7.79142951965332,
            8.79142951965332,
            9.79142951965332,
            10.79142951965332,
            11.79142951965332,
            12.79142951965332,
            13.79142951965332,
            14.79142951965332,
            15.79142951965332,
            16.79142951965332,
            17.79142951965332,
            18.79142951965332,
            19.79142951965332,
            20.79142951965332,
            21.79142951965332,
            22.79142951965332,
            24.461427807807922,
            24.461427807807922,
            25.461427807807922,
            26.461427807807922,
            27.461427807807922,
            28.461427807807922,
            29.461427807807922,
            30.461427807807922,
            31.461427807807922,
            32.46142780780792,
            33.46142780780792,
            34.46142780780792,
            35.46142780780792,
            36.46142780780792,
            37.46142780780792,
            38.46142780780792,
            39.46142780780792,
            40.46142780780792,
            41.46142780780792,
            42.46142780780792,
            43.46142780780792,
            44.46142780780792,
            45.46142780780792,
            46.46142780780792,
            47.46142780780792,
            48.46142780780792,
            49.48143219947815,
            49.48143219947815,
            50.48143219947815,
            51.48143219947815,
            52.48142462968826,
            53.48142462968826,
            54.48142462968826,
            55.48142462968826,
            56.48142462968826,
            57.48142462968826,
            58.48142462968826,
            59.48142462968826,
            60.48142462968826,
            61.48142462968826,
            62.48142462968826,
            63.48142462968826,
            64.48142462968826,
            65.48142462968826,
            66.48142462968826,
            67.48142462968826,
            68.48142462968826,
            69.48142462968826,
            70.48142462968826,
            71.48142462968826,
            72.48142462968826,
            73.48142462968826,
            74.48142462968826,
            75.48142462968826,
            77.40141528844833,
            77.40141528844833,
            78.40141528844833,
            79.40141528844833,
            80.40141528844833,
            81.40141528844833,
            82.40141528844833,
            83.40141528844833,
            84.40141528844833,
            85.40141528844833,
            86.40141528844833,
            87.40141528844833,
            88.40141528844833,
            89.40141528844833,
            90.40142291784286,
            91.40142291784286,
            92.40142291784286,
            93.40142291784286,
            94.40142291784286,
            95.40142291784286,
            96.40142291784286,
            97.40142291784286,
            98.40142291784286,
            99.40142291784286,
            100.40142291784286,
            101.40142291784286,
            102.40142291784286,
            103.40141534805298,
            104.98141729831696,
            104.98141729831696,
            105.98141729831696,
            106.98141729831696,
            107.98141729831696,
            108.98141729831696,
            109.98141729831696,
            110.98141729831696,
            111.98141729831696,
            112.98141729831696,
            113.98141729831696,
            114.98141729831696,
            115.98141729831696,
            116.98141729831696,
            117.98141729831696,
            118.98141729831696,
            119.98141729831696,
            120.98141729831696,
            121.98141729831696,
            122.98141729831696,
            123.98141729831696,
            124.98141729831696,
            125.98141729831696,
            126.98141729831696,
            127.98141729831696,
            128.98141729831696,
            129.98141729831696,
            130.98141729831696,
            131.98141729831696,
            132.98141729831696,
            133.98141729831696,
            134.98141729831696,
            135.98141729831696,
            136.98141729831696,
            137.98141354322433,
            138.98141354322433,
            139.98141354322433,
            140.98141354322433,
            141.98141354322433,
            142.98141354322433,
            143.98141354322433,
            144.98141354322433,
            145.98141354322433,
            146.98141354322433,
            147.98141354322433,
            148.98141354322433,
            149.99844247102737,
            149.99844247102737,
            150.99844247102737,
            151.99844247102737,
            152.99844247102737,
            153.99844247102737,
            154.9984406232834,
            155.9984406232834,
            156.9984406232834,
            157.9984406232834,
            158.9984406232834,
            159.9984406232834,
            160.9984406232834,
            161.9984406232834,
            163.00085353851318,
            164.01135218143463,
            165.02185308933258,
            166.03235268592834,
            167.07788157463074,
            167.07788550673058,
            168.08209550200036,
            169.08209532318642,
            170.0820951443725,
            171.08209585962823,
            172.0820956808143,
            173.08209603844216,
            174.0820967536979,
            175.08209657488396,
            176.08209639607003,
            177.08209597883751,
            178.08209580002358,
            179.08209615765145,
            180.08209591923287,
            181.08209615765145,
            182.08209603844216,
            183.08209597883751,
            184.08209580002358,
            185.08209603844216,
            186.08209585962823,
            187.0748296361976,
            188.06433045683434,
            189.0538307410293,
            190.04333013115456,
            191.03283035574486,
            192.74466347513726,
            192.74466347513726,
            193.73416399775078,
            194.72366392431786,
            195.71316319523385,
            196.70266288338235,
            197.6921618562751,
            198.68166291533043,
            199.67116129217675,
            200.66066109953454,
            201.65016186056664,
            202.6396624427848,
            203.62916219053795,
            204.62481862125924,
            205.62481754837563,
            206.62481838284066,
            207.62481730995705,
            208.6248180252128,
            210.2048220020347,
            210.2048220020347
        ],
        "_percentage_route_completed": 93.5766653732988,
        "terminate_on_failure": false
    },
    "CollisionTest": {
        "children": [],
        "feedback_message": "",
        "blackbox_level": 4,
        "_terminate_on_failure": false,
        "test_status": "SUCCESS",
        "expected_value_success": 0,
        "expected_value_acceptable": null,
        "actual_value": 0,
        "optional": false,
        "list_traffic_events": [],
        "_collision_sensor": null,
        "other_actor": null,